<?xml version="1.0"?>
<!--
/**
 * Copyright © Hibrido. All rights reserved.
 * See COPYING.txt for license details.
 */
-->
<config xmlns:xsi="http://www.w3.org/2001/XMLSchema-instance" xsi:noNamespaceSchemaLocation="urn:magento:framework:ObjectManager/etc/config.xsd">

    <!-- 1. Adapter Facade -->
    <virtualType name="BndesFacade" type="Magento\Payment\Model\Method\Adapter">
        <arguments>
            <argument name="code" xsi:type="string">bndes</argument>
            <argument name="formBlockType" xsi:type="string">Hibrido\Bndes\Block\Form\Bndes</argument>
            <argument name="infoBlockType" xsi:type="string">Hibrido\Bndes\Block\Info\Bndes</argument>
            <argument name="valueHandlerPool" xsi:type="object">BndesValueHandlerPool</argument>
            <argument name="validatorPool" xsi:type="object">Magento\Payment\Gateway\Validator\ValidatorPool</argument>
            <argument name="commandPool" xsi:type="object">Magento\Payment\Gateway\Command\CommandPool</argument>
        </arguments>
    </virtualType>

    <!-- 2. Value Handler Pool -->
    <virtualType name="BndesValueHandlerPool" type="Magento\Payment\Gateway\Config\ValueHandlerPool">
        <arguments>
            <argument name="handlers" xsi:type="array">
                <item name="default" xsi:type="string">BndesDefaultValueHandler</item>
            </argument>
        </arguments>
    </virtualType>
    <virtualType name="BndesDefaultValueHandler" type="Magento\Payment\Gateway\Config\ConfigValueHandler">
        <arguments>
            <argument name="configInterface" xsi:type="object">BndesDefaultConfig</argument>
        </arguments>
    </virtualType>
    <virtualType name="BndesDefaultConfig" type="Magento\Payment\Gateway\Config\Config">
        <arguments>
            <argument name="methodCode" xsi:type="string">bndes</argument>
        </arguments>
    </virtualType>

</config>

