<?xml version="1.0"?>
<!--
/**
 * Copyright © Hibrido. All rights reserved.
 * See COPYING.txt for license details.
 */
-->
<config xmlns:xsi="http://www.w3.org/2001/XMLSchema-instance" xsi:noNamespaceSchemaLocation="urn:magento:framework:Module/etc/module.xsd">
    <module name="Hibrido_Bndes">
        <sequence>
            <module name="Magento_Sales"/>
            <module name="Magento_Payment"/>
            <module name="Magento_OfflinePayments"/>
            <module name="Magento_Checkout"/>
        </sequence>
    </module>
</config>
