<?xml version="1.0"?>
<!--
/**
 * Copyright © Hibrido. All rights reserved.
 * See COPYING.txt for license details.
 */
-->
<payment xmlns:xsi="http://www.w3.org/2001/XMLSchema-instance" xsi:noNamespaceSchemaLocation="urn:magento:module:Magento_Payment:etc/payment.xsd">
    <groups>
        <group id="offline">
            <label>Offline Methods</label>
        </group>
    </groups>
    <methods>
        <method name="bndes">
            <allow_multiple_address>0</allow_multiple_address>
        </method>
    </methods>
</payment>
