<?xml version="1.0" ?>
<!--
/**
 * Copyright © Hibrido. All rights reserved.
 * See COPYING.txt for license details.
 */
-->
<config xmlns:xsi="http://www.w3.org/2001/XMLSchema-instance" xsi:noNamespaceSchemaLocation="urn:magento:module:Magento_Config:etc/system_file.xsd">
    <system>
        <section id="customer">
            <group id="address">
                <!-- Sort Order of Taxvat Show is 80 -->
                <field id="taxvat_unique" translate="label comment" type="text" sortOrder="81" showInDefault="1" showInWebsite="1" showInStore="0">
                    <label>Unique Tax/VAT Number</label>
                    <comment>Indicates if Tax/VAT Number must be unique for customers, accordingly to customer website sharing config.</comment>
                </field>
            </group>
        </section>
    </system>
</config>